005930,삼성전자

000660,SK하이닉스
207940,삼성바이오로직스
035420,NAVER
005380,현대차
051910,LG화학
012330,현대모비스
068270,셀트리온
028260,삼성물산
006400,삼성SDI
051900,LG생활건강
005490,POSCO
055550,신한지주
017670,SK텔레콤
105560,KB금융
000270,기아차
034730,SK
015760,한국전력
018260,삼성에스디에스
036570,엔씨소프트
035720,카카오
032830,삼성생명
033780,KT&G
003550,LG
096770,SK이노베이션
090430,아모레퍼시픽
066570,LG전자
086790,하나금융지주
000810,삼성화재
009150,삼성전기
010950,S-Oil
009540,한국조선해양
251270,넷마블
316140,우리금융지주
010130,고려아연
011170,롯데케미칼
030200,KT
021240,웅진코웨이
024110,기업은행
002790,아모레G
035250,강원랜드
032640,LG유플러스
018880,한온시스템
086280,현대글로비스
034220,LG디스플레이
006800,미래에셋대우
267250,현대중공업지주
078930,GS
029780,삼성카드
000720,현대건설
010140,삼성중공업
271560,오리온
004020,현대제철
004990,롯데지주
071050,한국금융지주
011070,LG이노텍
161390,한국타이어앤테크놀로지
097950,CJ제일제당
012750,에스원
008770,호텔신라
128940,한미약품
028050,삼성엔지니어링
023530,롯데쇼핑
000120,CJ대한통운
005940,NH투자증권
016360,삼성증권
139480,이마트
007070,GS리테일
241560,두산밥캣
036460,한국가스공사
005830,DB손해보험
047810,한국항공우주
000100,유한양행
282330,BGF리테일
000210,대림산업
009830,한화솔루션
042660,대우조선해양
081660,휠라홀딩스
004170,신세계
003410,쌍용양회
030000,제일기획
001040,CJ
006360,GS건설
020150,일진머티리얼즈
008560,메리츠종금증권
003490,대한항공
138930,BNK금융지주
000080,하이트진로
008930,한미사이언스
011780,금호석유
028670,팬오션
047050,포스코인터내셔널
011790,SKC
001450,현대해상
069960,현대백화점
007310,오뚜기
002380,KCC
047040,대우건설
088350,한화생명
012450,한화에어로스페이스
051600,한전KPS
010620,현대미포조선
017800,현대엘리베이
000880,한화
009240,한샘
204320,만도
026960,동서
010120,LS산전
004800,효성
006280,녹십자
031430,신세계인터내셔날
214320,이노션
069620,대웅제약
004370,농심
009420,한올바이오파마
010060,OCI
111770,영원무역
006260,LS
014680,한솔케미칼
000990,DB하이텍
001740,SK네트웍스
011210,현대위아
064350,현대로템
000240,한국테크놀로지그룹
114090,GKL
120110,코오롱인더
000670,영풍
034020,두산중공업
073240,금호타이어
000150,두산
003240,태광산업
042670,두산인프라코어
004000,롯데정밀화학
003520,영진약품
294870,HDC현대산업개발
185750,종근당
005440,현대그린푸드
161890,한국콜마
005250,녹십자홀딩스
001800,오리온홀딩스
005300,롯데칠성
057050,현대홈쇼핑
010780,아이에스동서
003000,부광약품
005850,에스엘
049770,동원F&B
170900,동아에스티
069260,휴켐스
093370,후성
018250,애경산업
002350,넥센타이어
115390,락앤락
192400,쿠쿠홀딩스
052690,한전기술
008060,대덕전자
001680,대상
285130,SK케미칼
192820,코스맥스
020000,한섬
005610,SPC삼립
014820,동원시스템즈
006650,대한유화
079550,LIG넥스원
071840,롯데하이마트
003850,보령제약
105630,한세실업
012630,HDC
001060,JW중외제약
103140,풍산
079160,CJ CGV
000640,동아쏘시오홀딩스
064960,S&T모티브
005180,빙그레
027410,BGF
001120,LG상사
000070,삼양홀딩스
019680,대교
006390,한일현대시멘트
001430,세아베스틸
004490,세방전지
001230,동국제강
007570,일양약품
093050,LF
006120,SK디스커버리
145990,삼양사
060980,한라홀딩스
108670,LG하우시스
002270,롯데푸드
025540,한국단자
006840,AK홀딩스
002960,한국쉘석유
025860,남해화학
014830,유니드
096760,JW홀딩스
002240,고려제강
003620,쌍용차
003920,남양유업
001520,동양
079430,현대리바트
298040,효성중공업
